Algorithm, Step, Alternatives, Decisions, Choice, Simulations, Evaluations, Positive Evaluations, Tree Size, Time (s)
Flat Monte Carlo, 1, 0, 0, TankWar, 100, 0, 0, 0, 0.0001
Flat Monte Carlo, 2, 9, 9, Language, 100, 0, 0, 0, 0.5812
Flat Monte Carlo, 3, 10, 10, EN, 100, 0, 0, 0, 0.5588
Flat Monte Carlo, 4, 8, 8, AI, 100, 0, 0, 0, 0.5164
Flat Monte Carlo, 5, 9, 9, Platform, 100, 0, 0, 0, 0.4828
Flat Monte Carlo, 6, 10, 10, Handy, 100, 0, 0, 0, 0.4452
Flat Monte Carlo, 7, 8, 8, Tanks, 100, 0, 0, 0, 0.421
Flat Monte Carlo, 8, 10, 10, Germany_Leopard, 100, 0, 0, 0, 0.3846
Flat Monte Carlo, 9, 9, 9, USA_M1Abrams, 100, 0, 0, 0, 0.379
Flat Monte Carlo, 10, 8, 8, Easy, 100, 0, 0, 0, 0.3195
Flat Monte Carlo, 11, 6, 6, GUI, 100, 0, 0, 0, 0.3039
Flat Monte Carlo, 12, 7, 7, Map, 100, 0, 0, 0, 0.2551
Flat Monte Carlo, 13, 9, 9, M_600, 100, 0, 0, 0, 0.1083
Flat Monte Carlo, 14, 0, 0, TankWar, 100, 0, 0, 0, 0.0001
Flat Monte Carlo, 15, 9, 9, Platform, 100, 0, 0, 0, 0.5822
Flat Monte Carlo, 16, 10, 10, GUI, 100, 0, 0, 0, 0.5496
Flat Monte Carlo, 17, 11, 11, AI, 100, 0, 0, 0, 0.5671
Flat Monte Carlo, 18, 12, 12, Language, 100, 0, 0, 0, 0.5224
Flat Monte Carlo, 19, 13, 13, PC, 100, 0, 0, 0, 0.4549
Flat Monte Carlo, 20, 11, 11, Tanks, 100, 0, 0, 0, 0.429
Flat Monte Carlo, 21, 13, 13, Germany_Leopard, 100, 0, 0, 0, 0.4006
Flat Monte Carlo, 22, 12, 12, Map, 100, 0, 0, 0, 0.3679
Flat Monte Carlo, 23, 14, 14, Hard, 100, 0, 0, 0, 0.2864
Flat Monte Carlo, 24, 12, 12, DE, 100, 0, 0, 0, 0.252
Flat Monte Carlo, 25, 10, 10, M_600, 100, 0, 0, 0, 0.1477
Flat Monte Carlo, 26, 0, 0, TankWar, 100, 0, 0, 0, 0.0001
Flat Monte Carlo, 27, 9, 9, Soundeffekt, 100, 0, 0, 0, 0.6005
Flat Monte Carlo, 28, 10, 10, Sound_fuer_Handy, 100, 0, 0, 0, 0.5715
Flat Monte Carlo, 29, 8, 8, AI, 100, 0, 0, 0, 0.5336
Flat Monte Carlo, 30, 9, 9, Platform, 100, 0, 0, 0, 0.5095
Flat Monte Carlo, 31, 10, 10, PC, 100, 0, 0, 0, 0.4876
Flat Monte Carlo, 32, 8, 8, Language, 100, 0, 0, 0, 0.4421
Flat Monte Carlo, 33, 9, 9, GUI, 100, 0, 0, 0, 0.3872
Flat Monte Carlo, 34, 10, 10, Hard, 100, 0, 0, 0, 0.3731
Flat Monte Carlo, 35, 8, 8, Tanks, 100, 0, 0, 0, 0.352
Flat Monte Carlo, 36, 10, 10, Map, 100, 0, 0, 0, 0.2936
Flat Monte Carlo, 37, 12, 12, DE, 100, 0, 0, 0, 0.1927
Flat Monte Carlo, 38, 10, 10, M_780, 100, 0, 0, 0, 0.1356
Flat Monte Carlo, 39, 7, 7, USA_M1Abrams, 100, 0, 0, 0, 0.0714
Flat Monte Carlo, 40, 0, 0, TankWar, 100, 0, 0, 0, 0.0001
Flat Monte Carlo, 41, 9, 9, Soundeffekt, 100, 0, 0, 0, 0.5869
Flat Monte Carlo, 42, 10, 10, Platform, 100, 0, 0, 0, 0.5776
Flat Monte Carlo, 43, 11, 11, Handy, 100, 0, 0, 0, 0.5271
Flat Monte Carlo, 44, 9, 9, Sound_fuer_pc, 100, 0, 0, 0, 0.5099
Flat Monte Carlo, 45, 7, 7, GUI, 100, 0, 0, 0, 0.4673
Flat Monte Carlo, 46, 8, 8, AI, 100, 0, 0, 0, 0.4631
Flat Monte Carlo, 47, 9, 9, Hard, 100, 0, 0, 0, 0.4317
Flat Monte Carlo, 48, 7, 7, Map, 100, 0, 0, 0, 0.3933
Flat Monte Carlo, 49, 9, 9, Tanks, 100, 0, 0, 0, 0.3453
Flat Monte Carlo, 50, 11, 11, Language, 100, 0, 0, 0, 0.3076
Flat Monte Carlo, 51, 12, 12, explodieren, 100, 0, 0, 0, 0.2059
Flat Monte Carlo, 52, 11, 11, M_600, 100, 0, 0, 0, 0.1799
Flat Monte Carlo, 53, 8, 8, EN, 100, 0, 0, 0, 0.1641
Flat Monte Carlo, 54, 6, 6, China_Type99, 100, 0, 0, 0, 0.0661
Flat Monte Carlo, 55, 0, 0, TankWar, 100, 0, 0, 0, 0.0001
Flat Monte Carlo, 56, 9, 9, Soundeffekt, 100, 0, 0, 0, 0.5863
Flat Monte Carlo, 57, 10, 10, Record, 100, 0, 0, 0, 0.5541
Flat Monte Carlo, 58, 11, 11, GUI, 100, 0, 0, 0, 0.5535
Flat Monte Carlo, 59, 12, 12, AI, 100, 0, 0, 0, 0.548
Flat Monte Carlo, 60, 13, 13, Map, 100, 0, 0, 0, 0.5074
Flat Monte Carlo, 61, 15, 15, Platform, 100, 0, 0, 0, 0.4945
Flat Monte Carlo, 62, 16, 16, Tanks, 100, 0, 0, 0, 0.4465
Flat Monte Carlo, 63, 17, 17, Handy, 100, 0, 0, 0, 0.4173
Flat Monte Carlo, 64, 16, 16, Language, 100, 0, 0, 0, 0.3767
Flat Monte Carlo, 65, 17, 17, M_600, 100, 0, 0, 0, 0.318
Flat Monte Carlo, 66, 14, 14, Re_fuer_Handy, 100, 0, 0, 0, 0.2701
Flat Monte Carlo, 67, 12, 12, USA_M1Abrams, 100, 0, 0, 0, 0.2095
Flat Monte Carlo, 68, 11, 11, Sound_fuer_Handy, 100, 0, 0, 0, 0.1987
Flat Monte Carlo, 69, 9, 9, Easy, 100, 0, 0, 0, 0.1531
Flat Monte Carlo, 70, 7, 7, EN, 100, 0, 0, 0, 0.0949
Flat Monte Carlo, 71, 0, 0, TankWar, 100, 0, 0, 0, 0.0001
Flat Monte Carlo, 72, 9, 9, explodieren, 100, 0, 0, 0, 0.5752
Flat Monte Carlo, 73, 8, 8, GUI, 100, 0, 0, 0, 0.5682
Flat Monte Carlo, 74, 9, 9, AI, 100, 0, 0, 0, 0.5728
Flat Monte Carlo, 75, 10, 10, Tools, 100, 0, 0, 0, 0.5285
Flat Monte Carlo, 76, 15, 15, einfrieren, 100, 0, 0, 0, 0.552
Flat Monte Carlo, 77, 14, 14, Hard, 100, 0, 0, 0, 0.529
Flat Monte Carlo, 78, 12, 12, Language, 100, 0, 0, 0, 0.4983
Flat Monte Carlo, 79, 13, 13, Platform, 100, 0, 0, 0, 0.464
Flat Monte Carlo, 80, 14, 14, PC, 100, 0, 0, 0, 0.4186
Flat Monte Carlo, 81, 12, 12, Tanks, 100, 0, 0, 0, 0.3825
Flat Monte Carlo, 82, 14, 14, Map, 100, 0, 0, 0, 0.3417
Flat Monte Carlo, 83, 16, 16, DE, 100, 0, 0, 0, 0.2671
Flat Monte Carlo, 84, 14, 14, M_240, 100, 0, 0, 0, 0.1915
Flat Monte Carlo, 85, 11, 11, China_Type99, 100, 0, 0, 0, 0.1206
Flat Monte Carlo, 86, 0, 0, TankWar, 100, 0, 0, 0, 0.0001
Flat Monte Carlo, 87, 9, 9, AI, 100, 0, 0, 0, 0.5608
Flat Monte Carlo, 88, 10, 10, Tanks, 100, 0, 0, 0, 0.564
Flat Monte Carlo, 89, 12, 12, Hard, 100, 0, 0, 0, 0.5398
Flat Monte Carlo, 90, 10, 10, GUI, 100, 0, 0, 0, 0.5162
Flat Monte Carlo, 91, 11, 11, Map, 100, 0, 0, 0, 0.5037
Flat Monte Carlo, 92, 13, 13, Platform, 100, 0, 0, 0, 0.4645
Flat Monte Carlo, 93, 14, 14, Language, 100, 0, 0, 0, 0.4352
Flat Monte Carlo, 94, 15, 15, Handy, 100, 0, 0, 0, 0.3317
Flat Monte Carlo, 95, 13, 13, China_Type99, 100, 0, 0, 0, 0.2337
Flat Monte Carlo, 96, 12, 12, EN, 100, 0, 0, 0, 0.2331
Flat Monte Carlo, 97, 10, 10, M_240, 100, 0, 0, 0, 0.1372
Flat Monte Carlo, 98, 0, 0, TankWar, 100, 0, 0, 0, 0.0001
Flat Monte Carlo, 99, 9, 9, Language, 100, 0, 0, 0, 0.5924
Flat Monte Carlo, 100, 10, 10, Platform, 100, 0, 0, 0, 0.5451
Flat Monte Carlo, 101, 11, 11, GUI, 100, 0, 0, 0, 0.5128
Flat Monte Carlo, 102, 12, 12, AI, 100, 0, 0, 0, 0.4985
Flat Monte Carlo, 103, 13, 13, Map, 100, 0, 0, 0, 0.4647
Flat Monte Carlo, 104, 15, 15, Hard, 100, 0, 0, 0, 0.4131
Flat Monte Carlo, 105, 13, 13, Tanks, 100, 0, 0, 0, 0.3865
Flat Monte Carlo, 106, 15, 15, PC, 100, 0, 0, 0, 0.3149
Flat Monte Carlo, 107, 13, 13, M_600, 100, 0, 0, 0, 0.2311
Flat Monte Carlo, 108, 10, 10, EN, 100, 0, 0, 0, 0.1886
Flat Monte Carlo, 109, 8, 8, China_Type99, 100, 0, 0, 0, 0.1222
Flat Monte Carlo, 110, 0, 0, TankWar, 100, 0, 0, 0, 0.0001
Flat Monte Carlo, 111, 9, 9, AI, 100, 0, 0, 0, 0.5778
Flat Monte Carlo, 112, 10, 10, Platform, 100, 0, 0, 0, 0.5561
Flat Monte Carlo, 113, 11, 11, Language, 100, 0, 0, 0, 0.5305
Flat Monte Carlo, 114, 12, 12, PC, 100, 0, 0, 0, 0.4805
Flat Monte Carlo, 115, 10, 10, Hard, 100, 0, 0, 0, 0.4587
Flat Monte Carlo, 116, 8, 8, Tanks, 100, 0, 0, 0, 0.413
Flat Monte Carlo, 117, 10, 10, GUI, 100, 0, 0, 0, 0.398
Flat Monte Carlo, 118, 11, 11, Map, 100, 0, 0, 0, 0.3506
Flat Monte Carlo, 119, 13, 13, DE, 100, 0, 0, 0, 0.2408
Flat Monte Carlo, 120, 11, 11, M_600, 100, 0, 0, 0, 0.1757
Flat Monte Carlo, 121, 8, 8, USA_M1Abrams, 100, 0, 0, 0, 0.1043
Flat Monte Carlo, 122, 0, 0, TankWar, 100, 0, 0, 0, 0.0001
Flat Monte Carlo, 123, 9, 9, AI, 100, 0, 0, 0, 0.5682
Flat Monte Carlo, 124, 10, 10, Soundeffekt, 100, 0, 0, 0, 0.5418
Flat Monte Carlo, 125, 11, 11, GUI, 100, 0, 0, 0, 0.5167
Flat Monte Carlo, 126, 12, 12, Tanks, 100, 0, 0, 0, 0.5248
Flat Monte Carlo, 127, 14, 14, Map, 100, 0, 0, 0, 0.5381
Flat Monte Carlo, 128, 16, 16, Language, 100, 0, 0, 0, 0.488
Flat Monte Carlo, 129, 17, 17, explodieren, 100, 0, 0, 0, 0.4379
Flat Monte Carlo, 130, 16, 16, M_600, 100, 0, 0, 0, 0.4094
Flat Monte Carlo, 131, 13, 13, Platform, 100, 0, 0, 0, 0.3775
Flat Monte Carlo, 132, 14, 14, Handy, 100, 0, 0, 0, 0.2949
Flat Monte Carlo, 133, 12, 12, Sound_fuer_pc, 100, 0, 0, 0, 0.2337
Flat Monte Carlo, 134, 10, 10, DE, 100, 0, 0, 0, 0.1883
Flat Monte Carlo, 135, 8, 8, Easy, 100, 0, 0, 0, 0.132
Flat Monte Carlo, 136, 6, 6, USA_M1Abrams, 100, 0, 0, 0, 0.0647
Flat Monte Carlo, 137, 0, 0, TankWar, 100, 0, 0, 0, 0.0001
Flat Monte Carlo, 138, 9, 9, Platform, 100, 0, 0, 0, 0.583
Flat Monte Carlo, 139, 10, 10, Language, 100, 0, 0, 0, 0.5618
Flat Monte Carlo, 140, 11, 11, AI, 100, 0, 0, 0, 0.5211
Flat Monte Carlo, 141, 12, 12, GUI, 100, 0, 0, 0, 0.4614
Flat Monte Carlo, 142, 13, 13, explodieren, 100, 0, 0, 0, 0.4463
Flat Monte Carlo, 143, 12, 12, Map, 100, 0, 0, 0, 0.4155
Flat Monte Carlo, 144, 14, 14, PC, 100, 0, 0, 0, 0.3713
Flat Monte Carlo, 145, 12, 12, M_780, 100, 0, 0, 0, 0.3325
Flat Monte Carlo, 146, 9, 9, Tanks, 100, 0, 0, 0, 0.3128
Flat Monte Carlo, 147, 11, 11, DE, 100, 0, 0, 0, 0.2525
Flat Monte Carlo, 148, 9, 9, Hard, 100, 0, 0, 0, 0.1925
Flat Monte Carlo, 149, 7, 7, China_Type99, 100, 0, 0, 0, 0.1041
Flat Monte Carlo, 150, 0, 0, TankWar, 100, 0, 0, 0, 0.0
Flat Monte Carlo, 151, 9, 9, explodieren, 100, 0, 0, 0, 0.5859
Flat Monte Carlo, 152, 8, 8, Soundeffekt, 100, 0, 0, 0, 0.5551
Flat Monte Carlo, 153, 9, 9, AI, 100, 0, 0, 0, 0.5339
Flat Monte Carlo, 154, 10, 10, Platform, 100, 0, 0, 0, 0.4953
Flat Monte Carlo, 155, 11, 11, Sound_fuer_pc, 100, 0, 0, 0, 0.4652
Flat Monte Carlo, 156, 9, 9, Tanks, 100, 0, 0, 0, 0.4427
Flat Monte Carlo, 157, 11, 11, Germany_Leopard, 100, 0, 0, 0, 0.4204
Flat Monte Carlo, 158, 10, 10, USA_M1Abrams, 100, 0, 0, 0, 0.3836
Flat Monte Carlo, 159, 9, 9, Easy, 100, 0, 0, 0, 0.3698
Flat Monte Carlo, 160, 7, 7, GUI, 100, 0, 0, 0, 0.3419
Flat Monte Carlo, 161, 8, 8, Language, 100, 0, 0, 0, 0.3174
Flat Monte Carlo, 162, 9, 9, Map, 100, 0, 0, 0, 0.2635
Flat Monte Carlo, 163, 11, 11, M_240, 100, 0, 0, 0, 0.1965
Flat Monte Carlo, 164, 8, 8, DE, 100, 0, 0, 0, 0.1581
Flat Monte Carlo, 165, 6, 6, Handy, 100, 0, 0, 0, 0.0852
Flat Monte Carlo, 166, 0, 0, TankWar, 100, 0, 0, 0, 0.0001
Flat Monte Carlo, 167, 9, 9, AI, 100, 0, 0, 0, 0.5727
Flat Monte Carlo, 168, 10, 10, Easy, 100, 0, 0, 0, 0.5541
Flat Monte Carlo, 169, 8, 8, Language, 100, 0, 0, 0, 0.5042
Flat Monte Carlo, 170, 9, 9, Platform, 100, 0, 0, 0, 0.4839
Flat Monte Carlo, 171, 10, 10, Handy, 100, 0, 0, 0, 0.4658
Flat Monte Carlo, 172, 8, 8, GUI, 100, 0, 0, 0, 0.4214
Flat Monte Carlo, 173, 9, 9, Tanks, 100, 0, 0, 0, 0.4055
Flat Monte Carlo, 174, 11, 11, Map, 100, 0, 0, 0, 0.3457
Flat Monte Carlo, 175, 13, 13, M_780, 100, 0, 0, 0, 0.2329
Flat Monte Carlo, 176, 10, 10, EN, 100, 0, 0, 0, 0.185
Flat Monte Carlo, 177, 8, 8, China_Type99, 100, 0, 0, 0, 0.1216
Flat Monte Carlo, 178, 0, 0, TankWar, 100, 0, 0, 0, 0.0
Flat Monte Carlo, 179, 9, 9, AI, 100, 0, 0, 0, 0.5985
Flat Monte Carlo, 180, 10, 10, Platform, 100, 0, 0, 0, 0.5618
Flat Monte Carlo, 181, 11, 11, Language, 100, 0, 0, 0, 0.5126
Flat Monte Carlo, 182, 12, 12, Hard, 100, 0, 0, 0, 0.4708
Flat Monte Carlo, 183, 10, 10, GUI, 100, 0, 0, 0, 0.4416
Flat Monte Carlo, 184, 11, 11, Map, 100, 0, 0, 0, 0.4439
Flat Monte Carlo, 185, 13, 13, Tools, 100, 0, 0, 0, 0.3672
Flat Monte Carlo, 186, 18, 18, PC, 100, 0, 0, 0, 0.4104
Flat Monte Carlo, 187, 16, 16, Tanks, 100, 0, 0, 0, 0.3603
Flat Monte Carlo, 188, 18, 18, DE, 100, 0, 0, 0, 0.3
Flat Monte Carlo, 189, 16, 16, einfrieren, 100, 0, 0, 0, 0.2535
Flat Monte Carlo, 190, 15, 15, Germany_Leopard, 100, 0, 0, 0, 0.1788
Flat Monte Carlo, 191, 14, 14, M_600, 100, 0, 0, 0, 0.1314
Flat Monte Carlo, 192, 0, 0, TankWar, 100, 0, 0, 0, 0.0001
Flat Monte Carlo, 193, 9, 9, AI, 100, 0, 0, 0, 0.5922
Flat Monte Carlo, 194, 10, 10, explodieren, 100, 0, 0, 0, 0.5618
Flat Monte Carlo, 195, 9, 9, Platform, 100, 0, 0, 0, 0.5239
Flat Monte Carlo, 196, 10, 10, Handy, 100, 0, 0, 0, 0.489
Flat Monte Carlo, 197, 8, 8, GUI, 100, 0, 0, 0, 0.4502
Flat Monte Carlo, 198, 9, 9, Language, 100, 0, 0, 0, 0.4563
Flat Monte Carlo, 199, 10, 10, EN, 100, 0, 0, 0, 0.4234
Flat Monte Carlo, 200, 8, 8, Tanks, 100, 0, 0, 0, 0.3623
Flat Monte Carlo, 201, 10, 10, Easy, 100, 0, 0, 0, 0.3292
Flat Monte Carlo, 202, 8, 8, Map, 100, 0, 0, 0, 0.286
Flat Monte Carlo, 203, 10, 10, M_240, 100, 0, 0, 0, 0.1639
Flat Monte Carlo, 204, 7, 7, China_Type99, 100, 0, 0, 0, 0.1006
Flat Monte Carlo, 205, 0, 0, TankWar, 100, 0, 0, 0, 0.0
Flat Monte Carlo, 206, 9, 9, Record, 100, 0, 0, 0, 0.593
Flat Monte Carlo, 207, 10, 10, Platform, 100, 0, 0, 0, 0.554
Flat Monte Carlo, 208, 11, 11, Language, 100, 0, 0, 0, 0.5384
Flat Monte Carlo, 209, 12, 12, AI, 100, 0, 0, 0, 0.5094
Flat Monte Carlo, 210, 13, 13, Soundeffekt, 100, 0, 0, 0, 0.4565
Flat Monte Carlo, 211, 14, 14, Sound_fuer_pc, 100, 0, 0, 0, 0.4438
Flat Monte Carlo, 212, 12, 12, PC, 100, 0, 0, 0, 0.4058
Flat Monte Carlo, 213, 10, 10, GUI, 100, 0, 0, 0, 0.3802
Flat Monte Carlo, 214, 11, 11, Map, 100, 0, 0, 0, 0.3557
Flat Monte Carlo, 215, 13, 13, EN, 100, 0, 0, 0, 0.3047
Flat Monte Carlo, 216, 11, 11, Tanks, 100, 0, 0, 0, 0.2683
Flat Monte Carlo, 217, 13, 13, Hard, 100, 0, 0, 0, 0.2182
Flat Monte Carlo, 218, 11, 11, M_600, 100, 0, 0, 0, 0.1672
Flat Monte Carlo, 219, 8, 8, Re_fuer_PC, 100, 0, 0, 0, 0.1058
Flat Monte Carlo, 220, 6, 6, USA_M1Abrams, 100, 0, 0, 0, 0.0502
Flat Monte Carlo, 221, 0, 0, TankWar, 100, 0, 0, 0, 0.0001
Flat Monte Carlo, 222, 9, 9, Platform, 100, 0, 0, 0, 0.5914
Flat Monte Carlo, 223, 10, 10, Record, 100, 0, 0, 0, 0.5483
Flat Monte Carlo, 224, 11, 11, PC, 100, 0, 0, 0, 0.5385
Flat Monte Carlo, 225, 9, 9, Re_fuer_Handy, 100, 0, 0, 0, 0.5055
Flat Monte Carlo, 226, 7, 7, Soundeffekt, 100, 0, 0, 0, 0.4696
Flat Monte Carlo, 227, 8, 8, Language, 100, 0, 0, 0, 0.4394
Flat Monte Carlo, 228, 9, 9, AI, 100, 0, 0, 0, 0.4093
Flat Monte Carlo, 229, 10, 10, Hard, 100, 0, 0, 0, 0.3768
Flat Monte Carlo, 230, 8, 8, GUI, 100, 0, 0, 0, 0.3505
Flat Monte Carlo, 231, 9, 9, Tanks, 100, 0, 0, 0, 0.3059
Flat Monte Carlo, 232, 11, 11, Germany_Leopard, 100, 0, 0, 0, 0.2965
Flat Monte Carlo, 233, 10, 10, Map, 100, 0, 0, 0, 0.2803
Flat Monte Carlo, 234, 12, 12, M_600, 100, 0, 0, 0, 0.1764
Flat Monte Carlo, 235, 9, 9, Sound_fuer_Handy, 100, 0, 0, 0, 0.147
Flat Monte Carlo, 236, 7, 7, EN, 100, 0, 0, 0, 0.0918
Flat Monte Carlo, 237, 0, 0, TankWar, 100, 0, 0, 0, 0.0
Flat Monte Carlo, 238, 9, 9, GUI, 100, 0, 0, 0, 0.5954
Flat Monte Carlo, 239, 10, 10, Language, 100, 0, 0, 0, 0.5928
Flat Monte Carlo, 240, 11, 11, explodieren, 100, 0, 0, 0, 0.5479
Flat Monte Carlo, 241, 10, 10, Platform, 100, 0, 0, 0, 0.5297
Flat Monte Carlo, 242, 11, 11, PC, 100, 0, 0, 0, 0.4881
Flat Monte Carlo, 243, 9, 9, DE, 100, 0, 0, 0, 0.434
Flat Monte Carlo, 244, 7, 7, Map, 100, 0, 0, 0, 0.4169
Flat Monte Carlo, 245, 9, 9, AI, 100, 0, 0, 0, 0.3849
Flat Monte Carlo, 246, 10, 10, Tanks, 100, 0, 0, 0, 0.3049
Flat Monte Carlo, 247, 12, 12, Hard, 100, 0, 0, 0, 0.2493
Flat Monte Carlo, 248, 10, 10, M_600, 100, 0, 0, 0, 0.156
Flat Monte Carlo, 249, 7, 7, China_Type99, 100, 0, 0, 0, 0.1034
Flat Monte Carlo, 250, 0, 0, TankWar, 100, 0, 0, 0, 0.0001
Flat Monte Carlo, 251, 9, 9, Platform, 100, 0, 0, 0, 0.5946
Flat Monte Carlo, 252, 10, 10, Handy, 100, 0, 0, 0, 0.5562
Flat Monte Carlo, 253, 8, 8, Tanks, 100, 0, 0, 0, 0.5252
Flat Monte Carlo, 254, 10, 10, USA_M1Abrams, 100, 0, 0, 0, 0.505
Flat Monte Carlo, 255, 9, 9, China_Type99, 100, 0, 0, 0, 0.4714
Flat Monte Carlo, 256, 8, 8, GUI, 100, 0, 0, 0, 0.4543
Flat Monte Carlo, 257, 9, 9, Language, 100, 0, 0, 0, 0.4577
Flat Monte Carlo, 258, 10, 10, Map, 100, 0, 0, 0, 0.3933
Flat Monte Carlo, 259, 12, 12, AI, 100, 0, 0, 0, 0.3584
Flat Monte Carlo, 260, 13, 13, DE, 100, 0, 0, 0, 0.265
Flat Monte Carlo, 261, 11, 11, M_600, 100, 0, 0, 0, 0.1875
Flat Monte Carlo, 262, 8, 8, Easy, 100, 0, 0, 0, 0.1384
Flat Monte Carlo, 263, 0, 0, TankWar, 100, 0, 0, 0, 0.0001
Flat Monte Carlo, 264, 9, 9, AI, 100, 0, 0, 0, 0.599
Flat Monte Carlo, 265, 10, 10, Platform, 100, 0, 0, 0, 0.5559
Flat Monte Carlo, 266, 11, 11, Language, 100, 0, 0, 0, 0.5341
Flat Monte Carlo, 267, 12, 12, Easy, 100, 0, 0, 0, 0.488
Flat Monte Carlo, 268, 10, 10, EN, 100, 0, 0, 0, 0.4434
Flat Monte Carlo, 269, 8, 8, Record, 100, 0, 0, 0, 0.4306
Flat Monte Carlo, 270, 9, 9, Handy, 100, 0, 0, 0, 0.3985
Flat Monte Carlo, 271, 7, 7, GUI, 100, 0, 0, 0, 0.3745
Flat Monte Carlo, 272, 8, 8, Map, 100, 0, 0, 0, 0.3407
Flat Monte Carlo, 273, 10, 10, explodieren, 100, 0, 0, 0, 0.2551
Flat Monte Carlo, 274, 9, 9, Tanks, 100, 0, 0, 0, 0.2391
Flat Monte Carlo, 275, 11, 11, Germany_Leopard, 100, 0, 0, 0, 0.1989
Flat Monte Carlo, 276, 10, 10, Re_fuer_Handy, 100, 0, 0, 0, 0.171
Flat Monte Carlo, 277, 8, 8, M_780, 100, 0, 0, 0, 0.0693
Flat Monte Carlo, 278, 0, 0, TankWar, 100, 0, 0, 0, 0.0001
Flat Monte Carlo, 279, 9, 9, Language, 100, 0, 0, 0, 0.5919
Flat Monte Carlo, 280, 10, 10, EN, 100, 0, 0, 0, 0.5381
Flat Monte Carlo, 281, 8, 8, GUI, 100, 0, 0, 0, 0.523
Flat Monte Carlo, 282, 9, 9, Platform, 100, 0, 0, 0, 0.5311
Flat Monte Carlo, 283, 10, 10, Handy, 100, 0, 0, 0, 0.4621
Flat Monte Carlo, 284, 8, 8, Map, 100, 0, 0, 0, 0.4185
Flat Monte Carlo, 285, 10, 10, Tanks, 100, 0, 0, 0, 0.404
Flat Monte Carlo, 286, 12, 12, AI, 100, 0, 0, 0, 0.3398
Flat Monte Carlo, 287, 13, 13, China_Type99, 100, 0, 0, 0, 0.2422
Flat Monte Carlo, 288, 12, 12, M_240, 100, 0, 0, 0, 0.214
Flat Monte Carlo, 289, 9, 9, Hard, 100, 0, 0, 0, 0.1412
Flat Monte Carlo, 290, 0, 0, TankWar, 100, 0, 0, 0, 0.0
Flat Monte Carlo, 291, 9, 9, Soundeffekt, 100, 0, 0, 0, 0.5949
Flat Monte Carlo, 292, 10, 10, explodieren, 100, 0, 0, 0, 0.5623
Flat Monte Carlo, 293, 9, 9, Platform, 100, 0, 0, 0, 0.5285
Flat Monte Carlo, 294, 10, 10, AI, 100, 0, 0, 0, 0.503
Flat Monte Carlo, 295, 11, 11, Sound_fuer_Handy, 100, 0, 0, 0, 0.485
Flat Monte Carlo, 296, 9, 9, Language, 100, 0, 0, 0, 0.4386
Flat Monte Carlo, 297, 10, 10, EN, 100, 0, 0, 0, 0.395
Flat Monte Carlo, 298, 8, 8, PC, 100, 0, 0, 0, 0.3529
Flat Monte Carlo, 299, 6, 6, GUI, 100, 0, 0, 0, 0.3388
Flat Monte Carlo, 300, 7, 7, Map, 100, 0, 0, 0, 0.2956
Flat Monte Carlo, 301, 9, 9, Tanks, 100, 0, 0, 0, 0.2434
Flat Monte Carlo, 302, 11, 11, Hard, 100, 0, 0, 0, 0.1636
Flat Monte Carlo, 303, 9, 9, M_780, 100, 0, 0, 0, 0.1283
Flat Monte Carlo, 304, 6, 6, Germany_Leopard, 100, 0, 0, 0, 0.0714
Flat Monte Carlo, 305, 0, 0, TankWar, 100, 0, 0, 0, 0.0001
Flat Monte Carlo, 306, 9, 9, Language, 100, 0, 0, 0, 0.5908
Flat Monte Carlo, 307, 10, 10, GUI, 100, 0, 0, 0, 0.5361
Flat Monte Carlo, 308, 11, 11, AI, 100, 0, 0, 0, 0.5645
Flat Monte Carlo, 309, 12, 12, Map, 100, 0, 0, 0, 0.521
Flat Monte Carlo, 310, 14, 14, Platform, 100, 0, 0, 0, 0.4704
Flat Monte Carlo, 311, 15, 15, Tanks, 100, 0, 0, 0, 0.4092
Flat Monte Carlo, 312, 17, 17, Hard, 100, 0, 0, 0, 0.3934
Flat Monte Carlo, 313, 15, 15, M_780, 100, 0, 0, 0, 0.2929
Flat Monte Carlo, 314, 12, 12, DE, 100, 0, 0, 0, 0.251
Flat Monte Carlo, 315, 10, 10, Handy, 100, 0, 0, 0, 0.1959
Flat Monte Carlo, 316, 8, 8, Germany_Leopard, 100, 0, 0, 0, 0.117
Flat Monte Carlo, 317, 0, 0, TankWar, 100, 0, 0, 0, 0.0001
Flat Monte Carlo, 318, 9, 9, AI, 100, 0, 0, 0, 0.5866
Flat Monte Carlo, 319, 10, 10, explodieren, 100, 0, 0, 0, 0.5537
Flat Monte Carlo, 320, 9, 9, Hard, 100, 0, 0, 0, 0.5195
Flat Monte Carlo, 321, 7, 7, Language, 100, 0, 0, 0, 0.4978
Flat Monte Carlo, 322, 8, 8, Platform, 100, 0, 0, 0, 0.4735
Flat Monte Carlo, 323, 9, 9, Tanks, 100, 0, 0, 0, 0.4139
Flat Monte Carlo, 324, 11, 11, GUI, 100, 0, 0, 0, 0.4009
Flat Monte Carlo, 325, 12, 12, DE, 100, 0, 0, 0, 0.372
Flat Monte Carlo, 326, 10, 10, Handy, 100, 0, 0, 0, 0.3318
Flat Monte Carlo, 327, 8, 8, Map, 100, 0, 0, 0, 0.2853
Flat Monte Carlo, 328, 10, 10, M_780, 100, 0, 0, 0, 0.1716
Flat Monte Carlo, 329, 7, 7, USA_M1Abrams, 100, 0, 0, 0, 0.1109
Flat Monte Carlo, 330, 0, 0, TankWar, 100, 0, 0, 0, 0.0001
Flat Monte Carlo, 331, 9, 9, Language, 100, 0, 0, 0, 0.5843
Flat Monte Carlo, 332, 10, 10, EN, 100, 0, 0, 0, 0.5627
Flat Monte Carlo, 333, 8, 8, AI, 100, 0, 0, 0, 0.5092
Flat Monte Carlo, 334, 9, 9, Soundeffekt, 100, 0, 0, 0, 0.48
Flat Monte Carlo, 335, 10, 10, explodieren, 100, 0, 0, 0, 0.4513
Flat Monte Carlo, 336, 9, 9, Platform, 100, 0, 0, 0, 0.4284
Flat Monte Carlo, 337, 10, 10, PC, 100, 0, 0, 0, 0.3941
Flat Monte Carlo, 338, 8, 8, Tanks, 100, 0, 0, 0, 0.3688
Flat Monte Carlo, 339, 10, 10, China_Type99, 100, 0, 0, 0, 0.3519
Flat Monte Carlo, 340, 9, 9, Easy, 100, 0, 0, 0, 0.3191
Flat Monte Carlo, 341, 7, 7, GUI, 100, 0, 0, 0, 0.295
Flat Monte Carlo, 342, 8, 8, Map, 100, 0, 0, 0, 0.2414
Flat Monte Carlo, 343, 10, 10, Sound_fuer_pc, 100, 0, 0, 0, 0.1497
Flat Monte Carlo, 344, 8, 8, M_780, 100, 0, 0, 0, 0.0887
Flat Monte Carlo, 345, 0, 0, TankWar, 100, 0, 0, 0, 0.0
Flat Monte Carlo, 346, 9, 9, Language, 100, 0, 0, 0, 0.5686
Flat Monte Carlo, 347, 10, 10, Record, 100, 0, 0, 0, 0.5517
Flat Monte Carlo, 348, 11, 11, Platform, 100, 0, 0, 0, 0.5346
Flat Monte Carlo, 349, 12, 12, Handy, 100, 0, 0, 0, 0.4806
Flat Monte Carlo, 350, 10, 10, explodieren, 100, 0, 0, 0, 0.4695
Flat Monte Carlo, 351, 9, 9, GUI, 100, 0, 0, 0, 0.4375
Flat Monte Carlo, 352, 10, 10, Map, 100, 0, 0, 0, 0.4269
Flat Monte Carlo, 353, 12, 12, M_240, 100, 0, 0, 0, 0.3907
Flat Monte Carlo, 354, 9, 9, AI, 100, 0, 0, 0, 0.349
Flat Monte Carlo, 355, 10, 10, Tanks, 100, 0, 0, 0, 0.2842
Flat Monte Carlo, 356, 12, 12, China_Type99, 100, 0, 0, 0, 0.229
Flat Monte Carlo, 357, 11, 11, DE, 100, 0, 0, 0, 0.2262
Flat Monte Carlo, 358, 9, 9, Easy, 100, 0, 0, 0, 0.1709
Flat Monte Carlo, 359, 7, 7, Re_fuer_PC, 100, 0, 0, 0, 0.1199
Flat Monte Carlo, 360, 0, 0, TankWar, 100, 0, 0, 0, 0.0001
Flat Monte Carlo, 361, 9, 9, Platform, 100, 0, 0, 0, 0.5952
Flat Monte Carlo, 362, 10, 10, Soundeffekt, 100, 0, 0, 0, 0.5535
Flat Monte Carlo, 363, 11, 11, Language, 100, 0, 0, 0, 0.517
Flat Monte Carlo, 364, 12, 12, AI, 100, 0, 0, 0, 0.5009
Flat Monte Carlo, 365, 13, 13, explodieren, 100, 0, 0, 0, 0.461
Flat Monte Carlo, 366, 12, 12, GUI, 100, 0, 0, 0, 0.4331
Flat Monte Carlo, 367, 13, 13, Map, 100, 0, 0, 0, 0.4158
Flat Monte Carlo, 368, 15, 15, PC, 100, 0, 0, 0, 0.3668
Flat Monte Carlo, 369, 13, 13, M_240, 100, 0, 0, 0, 0.3291
Flat Monte Carlo, 370, 10, 10, Sound_fuer_pc, 100, 0, 0, 0, 0.2891
Flat Monte Carlo, 371, 8, 8, Tanks, 100, 0, 0, 0, 0.2614
Flat Monte Carlo, 372, 10, 10, Easy, 100, 0, 0, 0, 0.1815
Flat Monte Carlo, 373, 8, 8, DE, 100, 0, 0, 0, 0.1428
Flat Monte Carlo, 374, 6, 6, China_Type99, 100, 0, 0, 0, 0.0735
Flat Monte Carlo, 375, 0, 0, TankWar, 100, 0, 0, 0, 0.0001
Flat Monte Carlo, 376, 9, 9, GUI, 100, 0, 0, 0, 0.579
Flat Monte Carlo, 377, 10, 10, Tools, 100, 0, 0, 0, 0.5948
Flat Monte Carlo, 378, 15, 15, explodieren, 100, 0, 0, 0, 0.6211
Flat Monte Carlo, 379, 14, 14, Map, 100, 0, 0, 0, 0.5723
Flat Monte Carlo, 380, 16, 16, Language, 100, 0, 0, 0, 0.5387
Flat Monte Carlo, 381, 16, 16, einfrieren, 100, 0, 0, 0, 0.5162
Flat Monte Carlo, 382, 16, 16, M_600, 100, 0, 0, 0, 0.4889
Flat Monte Carlo, 383, 13, 13, EN, 100, 0, 0, 0, 0.4419
Flat Monte Carlo, 384, 11, 11, AI, 100, 0, 0, 0, 0.4067
Flat Monte Carlo, 385, 12, 12, Bombe, 100, 0, 0, 0, 0.3897
Flat Monte Carlo, 386, 11, 11, Platform, 100, 0, 0, 0, 0.3419
Flat Monte Carlo, 387, 12, 12, Hard, 100, 0, 0, 0, 0.2885
Flat Monte Carlo, 388, 10, 10, Handy, 100, 0, 0, 0, 0.2626
Flat Monte Carlo, 389, 8, 8, Tanks, 100, 0, 0, 0, 0.2082
Flat Monte Carlo, 390, 10, 10, China_Type99, 100, 0, 0, 0, 0.1207
Flat Monte Carlo, 391, 0, 0, TankWar, 100, 0, 0, 0, 0.0001
Flat Monte Carlo, 392, 9, 9, AI, 100, 0, 0, 0, 0.5921
Flat Monte Carlo, 393, 10, 10, Platform, 100, 0, 0, 0, 0.5581
Flat Monte Carlo, 394, 11, 11, Handy, 100, 0, 0, 0, 0.5144
Flat Monte Carlo, 395, 9, 9, Hard, 100, 0, 0, 0, 0.5019
Flat Monte Carlo, 396, 7, 7, Soundeffekt, 100, 0, 0, 0, 0.4631
Flat Monte Carlo, 397, 8, 8, Language, 100, 0, 0, 0, 0.4415
Flat Monte Carlo, 398, 9, 9, Sound_fuer_Handy, 100, 0, 0, 0, 0.4027
Flat Monte Carlo, 399, 7, 7, EN, 100, 0, 0, 0, 0.3578
Flat Monte Carlo, 400, 5, 5, GUI, 100, 0, 0, 0, 0.3436
Flat Monte Carlo, 401, 6, 6, Map, 100, 0, 0, 0, 0.299
Flat Monte Carlo, 402, 8, 8, Tanks, 100, 0, 0, 0, 0.2261
Flat Monte Carlo, 403, 10, 10, M_240, 100, 0, 0, 0, 0.1414
Flat Monte Carlo, 404, 7, 7, Germany_Leopard, 100, 0, 0, 0, 0.0815
Flat Monte Carlo, 405, 0, 0, TankWar, 100, 0, 0, 0, 0.0
Flat Monte Carlo, 406, 9, 9, AI, 100, 0, 0, 0, 0.5722
Flat Monte Carlo, 407, 10, 10, Platform, 100, 0, 0, 0, 0.5469
Flat Monte Carlo, 408, 11, 11, Language, 100, 0, 0, 0, 0.5118
Flat Monte Carlo, 409, 12, 12, Handy, 100, 0, 0, 0, 0.4849
Flat Monte Carlo, 410, 10, 10, Hard, 100, 0, 0, 0, 0.4364
Flat Monte Carlo, 411, 8, 8, DE, 100, 0, 0, 0, 0.4156
Flat Monte Carlo, 412, 6, 6, Tanks, 100, 0, 0, 0, 0.3932
Flat Monte Carlo, 413, 8, 8, GUI, 100, 0, 0, 0, 0.3584
Flat Monte Carlo, 414, 9, 9, Map, 100, 0, 0, 0, 0.2919
Flat Monte Carlo, 415, 11, 11, M_600, 100, 0, 0, 0, 0.1689
Flat Monte Carlo, 416, 8, 8, China_Type99, 100, 0, 0, 0, 0.1075
